current_segment,context,target,anomalies
Что лучше способствует прогрессу общества?,"Исследователь утверждает, что стремление к стабильности удерживает инновации, и только через хаос и разрушение старых порядков возникают новые идеи.",хаос,low_semantic_similarity: Сходство: 0.42
Что лучше всего мотивирует человека?,"Социологический эксперимент показал, что страх перед потерей статуса и ресурсов оказывает сильнейшее влияние на мотивацию людей, превышая даже влияние положительного подкрепления.",страх,low_semantic_similarity: Сходство: 0.46
Что сильнее всего движет прогрессом?,"Экономист утверждает, что стремление к личной выгоде, а не альтруизм, является двигателем прогресса, поскольку люди работают лучше, когда ищут собственную выгоду.",выгода,low_semantic_similarity: Сходство: 0.49
Что лучше помогает сохранять концентрацию?,"Психолог отмечает, что короткие перерывы и отвлечения позволяют сохранить концентрацию на задаче дольше, чем попытки сосредоточиться без остановки.",перерывы,low_semantic_similarity: Сходство: 0.46
Что лучше всего помогает избежать ошибок?,"Тренер по личностному росту считает, что постоянное сомнение в своих решениях и поиск альтернативных точек зрения позволяют избежать многих ошибок.",Хуйня,low_semantic_similarity: Сходство: 0.35; conceptual_inconsistency: Метка: противоречие
Что лучше способствует прогрессу общества?,"Исследователь утверждает, что стремление к стабильности удерживает инновации, и только через хаос и разрушение старых порядков возникают новые идеи.",хаос,low_semantic_similarity: Сходство: 0.42
Что лучше всего мотивирует человека?,"Социологический эксперимент показал, что страх перед потерей статуса и ресурсов оказывает сильнейшее влияние на мотивацию людей, превышая даже влияние положительного подкрепления.",страх,low_semantic_similarity: Сходство: 0.46
Что лучше способствует прогрессу общества?,"Исследователь утверждает, что стремление к стабильности удерживает инновации, и только через хаос и разрушение старых порядков возникают новые идеи.",хаос,low_semantic_similarity: Сходство: 0.42
Что лучше всего мотивирует человека?,"Социологический эксперимент показал, что страх перед потерей статуса и ресурсов оказывает сильнейшее влияние на мотивацию людей, превышая даже влияние положительного подкрепления.",страх,low_semantic_similarity: Сходство: 0.46
Что лучше помогает сохранять концентрацию?,"Психолог отмечает, что короткие перерывы и отвлечения позволяют сохранить концентрацию на задаче дольше, чем попытки сосредоточиться без остановки.",перерывы,low_semantic_similarity: Сходство: 0.46
Что более эффективно для блицкрига?,"Исследование показало, что танки вермахта, лучше подходят для блицкрига.",,missing_value: Пустой ответ; low_semantic_similarity: Сходство: 0.07
Что такое искусственный интеллект?,"ИИ — это область компьютерных наук, занимающаяся созданием систем, способных выполнять задачи, требующие человеческого интеллекта.","Искусственный интеллект представляет собой междисциплинарную область исследований, которая включает в себя машинное обучение, нейронные сети, обработку естественного языка и другие технологии, направленные на создание систем, способных имитировать когнитивные функции человека, такие как обучение, решение задач и принятие решений, что в перспективе может привести к созданию универсального искусственного интеллекта, сопоставимого с человеческим.",long_target: Длинный ответ; low_semantic_similarity: Сходство: 0.50
Как улучшить память?,Читать книги.,чтение,short_context: Короткий контекст
,"Эксперты утверждают, что регулярные упражнения улучшают когнитивные функции.",упражнения,missing_value: Пустой вопрос
Как работает блокчейн?,Децентрализованная система хранения данных...,рецепт борща,short_context: Короткий контекст; conceptual_inconsistency: Метка: противоречие
Каковы принципы квантовой физики?,Принцип суперпозиции states that...,ну типа частица и волна одновременно,short_context: Короткий контекст; conceptual_inconsistency: Метка: противоречие
